Raza,Foto,Acerca de,Especificidades de la raza,Información clave,Tamaño
Aïdi,https://cdn.royalcanin-weshare-online.io/afozIGYBIYfdNSoCsAjP/v1/bd122bl-aidi-adult-lying-down?w=320&fm=jpg&auto=compress,"Los Aidis son perros muy resistentes, de notable fuerza y movilidad. Los perros de esta raza son musculosos, nerviosos y con una constitución fuerte. Tienen un pelaje espeso peculiar que les protege del sol y del frío. Este pelaje también les protege en peleas con chacales y otros depredadores. Tiene una mirada alegre, directa y obstinada, como corresponde a un perro que siempre está dispuesto a tareas de vigilancia. En algunas regiones de Marruecos, es habitual cortarles las orejas. Incluso es posible recortar la cola de los perros de trabajo. Fuente: Datos y características aportados por la Fédération Cynologique Internationale (FCI)",País: Marruecos Categoría de tamaño: Grande Esperanza de vida promedio: 10–12 años Personalidad: Alerta / Independiente / Leal / Sensible, - Necesita cuidados moderados - Un gran perro para una familia - Disfruta del entrenamiento,L (26-44 kg)
Akita Americano,https://cdn.royalcanin-weshare-online.io/7SLIxWoBaxEApS7LQRtH/v5/bd124bl-hub-american-akita-adult-standing?w=320&fm=jpg&auto=compress,"Simpático, alerta, receptivo, digno, dócil y valiente: estos son los adjetivos que mejor describen a los Akitas Americanos. Este fuerte compañero es muy elogiado por su instinto protector innato, y se recomienda socializarlo desde una edad muy temprana. Son relativamente desconfiados con las personas que no conocen y un poco dominantes en las relaciones con otros perros. Son tranquilos, pero tienen una gran presencia e irradian confianza en cualquier circunstancia. Dicen que su cabeza se parece a la de un oso, concretamente, a la de un oso polar, pero en realidad hay muchas más similitudes entre las dos especies. Fuente: Datos y características aportados por la Fédération Cynologique Internationale (FCI)",País: Estados Unidos Categoría de tamaño: Grande Esperanza de vida promedio: 10–15 años Personalidad: Equilibrado / Afable / Alerta / Obediente / Tranquilo, - Un gran perro guardián - Requiere espacio exterior - Necesita cuidados moderados,L (26-44 kg)
Akita inu,https://cdn.royalcanin-weshare-online.io/rvo0HWsBIYfdNSoCfxpx/v1/bd22bl-hub-akita-adult-standing?w=320&fm=jpg&auto=compress,"Estos perros guardianes son grandes y de constitución robusta y atlética que los hace ideales para largos paseos y hacer ejercicio. El akita inu tiene una expresión noble y solemne que lo ha hecho popular en todo el mundo.  Excepto por el blanco, todos los colores del pelaje son ""urajiro"", lo que significa que los lados del hocico, las mejillas, debajo de la mandíbula, el cuello, el pecho, el vientre, la parte inferior de la cola y el interior de las patas están cubiertos de pelo blanquecino. Fuente: Datos y características aportados por la Fédération Cynologique Internationale (FCI)",País: Japón Categoría de tamaño: Grande Esperanza de vida promedio: 10–12 años Personalidad: Equilibrado / Leal / Tranquilo / Obediente, - Un gran perro guardián - Necesita un dueño con experiencia - Necesita cuidados moderados,L (26-44 kg)
Antiguo Perro de Muestra Danés,https://cdn.royalcanin-weshare-online.io/kvrcsmoBIYfdNSoC5hgk/v1/bd257bl-hub-old-danish-pointing-dog-adult-standing?w=320&fm=jpg&auto=compress,"Los Antiguos Perros de Muestra Daneses pertenecen a una raza tranquila y equilibrada, son muy determinados y valientes. Estos perros de constitución rectangular y tamaño mediano son de complexión robusta. El origen de la raza se remonta aproximadamente a 1710 cuando un hombre llamado Morten Bak cruzó perros gitanos con perros de granja locales durante ocho generaciones, y así estableció una raza pura de perros blancos y marrones a la que llamó Antiguo Perro de Muestra Danés. Fuente: Datos y características aportados por la Fédération Cynologique Internationale (FCI)",País: Dinamarca Categoría de tamaño: Grande Esperanza de vida promedio: 12–14 años Personalidad: Obstinado / Seguro / Tranquilo / Leal, - Paciente con niños y otros animales - Requiere cuidados mínimos - Requiere espacio exterior,L (26-44 kg)
Antiguo perro de Pastor inglés,https://cdn.royalcanin-weshare-online.io/HSIrx2oBaxEApS7LPhxE/v1/bd90bl-hub-old-english-sheepdog-adult-standing?w=320&fm=jpg&auto=compress,"Es posible que los antiguos perros de Pastor ingleses sean una de las razas más icónicas de todo el mundo y, seguramente, de su Reino Unido natal. Fuerte y rebosante de energía, el antiguo perro de Pastor inglés es un perro fiel y confiable, tanto en el trabajo como en el hogar familiar.  Además de ser un famoso perro de granja, el antiguo perro de Pastor inglés es un excelente perro guardián, gracias a su naturaleza alerta y protectora. Fuente: Datos y características aportados por la Fédération Cynologique Internationale (FCI)",País: Reino Unido Categoría de tamaño: Grande Esperanza de vida promedio: 10–12 años Personalidad: Equilibrado / Seguro / Leal, - Necesita cuidados moderados - Requiere espacio exterior - Necesita mucho ejercicio,L (26-44 kg)
Basset hound,https://cdn.royalcanin-weshare-online.io/tvpBHWsBIYfdNSoCdxr6/v1/bd29bl-hub-basset-hound-adult-standing?w=320&fm=jpg&auto=compress,"Los basset hound son perros tranquilos que muestran un especial afecto hacia aquellos que les rodean y nunca expresan agresividad. Son conocidos por su terquedad, pero gracias a su carácter travieso se han ganado muchos admiradores en todo el mundo.  Los basset hounds son los más potentes y pesados de la categoría de rastreadores, clasificados como perros grandes a pesar de su baja estatura. Fuente: Datos y características aportados por la Fédération Cynologique Internationale (FCI)",País: Reino Unido Categoría de tamaño: Grande Esperanza de vida promedio: 10–12 años Personalidad: Equilibrado / Sociable / Cariñoso, - Necesita cuidados moderados - Disfruta del entrenamiento - Jardín no esencial,L (26-44 kg)
Billy,https://cdn.royalcanin-weshare-online.io/DiLVxWoBaxEApS7LVBzY/v1/bd145bl-hub-billy-adult-standing?w=320&fm=jpg&auto=compress,"El Billy es un sabueso grande originario de Haut-Poitou, en el centro occidental de Francia. Sus antepasados, perros grandes blancos, fueron inquilinos frecuentes de las perreras reales durante el reinado de Luis XIV. Una de las actividades preferidas del Billy, y una de las que mejor realiza, es perseguir liebres y jabalíes. Por lo tanto, las cualidades más importantes de la raza se relacionan con sus aptitudes para la caza. Fuente: Datos y características aportados por la Fédération Cynologique Internationale (FCI)",País: Francia Categoría de tamaño: Grande Esperanza de vida promedio: 12–15 años Personalidad: Alerta, - Requiere espacio exterior - Un gran perro guardián - Necesita poco entrenamiento,L (26-44 kg)
Borzoi,https://cdn.royalcanin-weshare-online.io/wvpRHWsBIYfdNSoCJhpA/v1/bd36bl-hub-borzoi-adult-standing?w=320&fm=jpg&auto=compress,"El borzoi es una raza leal, cariñosa y confiable que florece en compañía humana, lo cual los convierte en perros fantásticos para las familias activas. Sin embargo, este perro no debe menospreciarse. Su gran estatura significa que requiere mucho espacio para vivir y su caracterísito pelaje necesita muchos cuidados. Fuente: Datos y características aportados por la Fédération Cynologique Internationale (FCI)",País: Rusia Categoría de tamaño: Grande Esperanza de vida promedio: 10–12 años Personalidad: Fuerte / Tranquilo / Equilibrado / Alerta, - Necesita mucho ejercicio - Necesita mucho espacio - Requiere muchos cuidados,L (26-44 kg)
Bóxer,https://cdn.royalcanin-weshare-online.io/nPq6HGsBIYfdNSoCaBpp/v5/bd8bl-hub-boxer-adult-standing?w=320&fm=jpg&auto=compress,"El Bóxer es un perro intrépido, confiado, tranquilo y equilibrado. Aunque no representa ninguna amenaza para su familia, puede ser muy desconfiado de los extraños. El Bóxer es obediente, de modo que resulta fácil de educar. Poco exigente, tranquilo y leal, es adecuado tanto como perro de familia y de compañía como de defensa y utilidad. Fuente: Datos y características aportados por la Fédération Cynologique Internationale (FCI)",País: Alemania Categoría de tamaño: Grande Esperanza de vida promedio: 9–10 años Personalidad: Alerta / Seguro / Entusiasta / Equilibrado / Afable / Independiente / Leal / Alegre / Protector, - Un gran perro guardián - Necesita un entrenamiento moderado - Necesita mucho ejercicio,L (26-44 kg)
Boyero de Flandes,https://cdn.royalcanin-weshare-online.io/8GlVHWsBG95Xk-RBDvj7/v1/bd39bl-hub-bouvier-des-flandres-adult-standing?w=320&fm=jpg&auto=compress,"Originalmente, el Boyero de Flandes se utilizaba para conducir rebaños, como animal de tiro y para batir mantequilla. La modernización de los equipos agrícolas lo desplazó de estos roles y, en la actualidad, el Boyero de Flandes se usa para proteger las granjas y como perro de defensa.  Estos perros de caràcter determinado son más adecuados para propietarios con experiencia que puedan dedicar tiempo para cubrir sus necesidades de entrenamiento y aseo. Fuente: Datos y características aportados por la Fédération Cynologique Internationale (FCI)",País: Francia Categoría de tamaño: Grande Esperanza de vida promedio: 10–12 años Personalidad: Inteligente / Tranquilo / Seguro / Alegre / Trabajador, - Un gran perro guardián - Necesita cuidados moderados - Dócil con los niños,L (26-44 kg)
Braco italiano,https://cdn.royalcanin-weshare-online.io/QSI9x2oBaxEApS7LgxwS/v1/bd150bl-hub-italian-pointing-dog-adult-standing?w=320&fm=jpg&auto=compress,"Robustos y adaptados a todos los tipos de caza, los Bracos italianos son unos perros de muestra fiables con un excelente sentido del olfato, dóciles y fáciles de entrenar. Además de por sus instintos de caza, estos perros están comenzando a ser conocidos por ser perros de compañía familiares dulces y cariñosas, debido a su fácil mantenimiento, a su paciencia con los niños y a su capacidad para quedarse solos en el hogar. Fuente: Datos y características aportados por la Fédération Cynologique Internationale (FCI)",País: Italia Categoría de tamaño: Grande Esperanza de vida promedio: 12–13 años Personalidad: Leal / Tranquilo, - Necesita poco entrenamiento - Requiere cuidados mínimos,L (26-44 kg)
Braco Alemán de Pelo Corto,https://www.royalcanin.com/es/-/media/dog_cat_illustrations_grey-01.png?rev=af74c8185dca48b89bb905ba394b8eaa&w=320&fm=jpg&auto=compress,"El Braco Alemán de Pelo Corto es un perro cariñoso y equilibrado, es afable, inteligente y ansioso por complacer. Estos perros son pacientes con los niños y con otros perros; sin embargo, su gran tamaño implica que el juego pueda ser demasiado brusco para los niños más pequeños. Los Bracos Alemanes de Pelo Corto, atléticos y comprometidos, son perros de caza robustos y versátiles. Fuente: Datos y características aportados por la Fédération Cynologique Internationale (FCI)",País: Alemania Categoría de tamaño: Grande Esperanza de vida promedio: 12–14 años Personalidad: Fuerte / Equilibrado / Leal / Tímido / Seguro, - Requiere espacio exterior - Necesita cuidados moderados - Requiere mucho entrenamiento,L (26-44 kg)
Braco Alemán de Pelo Duro,https://cdn.royalcanin-weshare-online.io/cvrLsmoBIYfdNSoCtxg1/v1/bd200bl-hub-german-wire-haired-pointer-adult-standing?w=320&fm=jpg&auto=compress,"El Braco Alemán de Pelo Duro tienen cualidades notables reconocidas en todo el mundo, pero en su país natal se los considera el exponente perfecto de las razas de muestra. Un perro de caza versátil, el Braco Alemán de Pelo Duro tiene todos los atributos necesarios para trabajar en llanuras, bosques y pantanos, anticipándose a las señales o respondiendo a estas. Como compañeros, estos perros son cariñosos y equilibrados, y establecen un vínculo muy estrecho con sus propietarios. Fuente: Datos y características aportados por la Fédération Cynologique Internationale (FCI)",País: Alemania Categoría de tamaño: Grande Esperanza de vida promedio: 12–14 años Personalidad: Cariñoso / Equilibrado / Seguro, - Necesita cuidados moderados - Disfruta del entrenamiento,L (26-44 kg)
Braco de Weimar,https://cdn.royalcanin-weshare-online.io/OCI1x2oBaxEApS7LJxwI/v1/bd114bl-hub-weimaraner-adult-standing?w=320&fm=jpg&auto=compress,"Los Bracos de Weimar son muy perseverantes, trabajan de manera muy sistemática y no son excesivamente enérgicos. Son muy conocidos por su notable sentido del olfato.  Muy precisos a la hora de señalar la presa en tierra y en agua, son excelentes compañeros para los cazadores. Estos perros de gran tamaño se adaptan bien como trabajadores, pero también para el papel de perros de familia, protectores del hogar y en alerta ante los extraños. Fuente: Datos y características aportados por la Fédération Cynologique Internationale (FCI)",País: Alemania Categoría de tamaño: Grande Esperanza de vida promedio: 10–12 años Personalidad: Equilibrado / Alerta / Leal / Trabajador / Inteligente, - Requiere espacio exterior - Necesita cuidados moderados - Necesita poco entrenamiento,L (26-44 kg)
Braco francés (tipo Gascuña),https://cdn.royalcanin-weshare-online.io/QiI-x2oBaxEApS7LKxzk/v1/bd154bl-hub-french-pointing-dog-gascogne-type-adult-standing?w=320&fm=jpg&auto=compress,"Estos pointers de aspecto noble son robustos y vigorosos, aunque nada pesados, y de extremidades fuertes. Las hembras son más finas. Su piel es flexible y bastante flácida. Existen dos tipos de braco francés: el tipo Gascuña grande y el tipo Pirineos pequeño. Tienen su origen en el suroeste de Francia y en los Pirineos Centrales respectivamente, donde mantuvieron su pureza. Durante las últimas décadas se han convertido en los pointers franceses más populares y se dice que el marrón original es el antecesor de la mayoría de los pointers europeos. Fuente: Datos y características aportados por la Fédération Cynologique Internationale (FCI)",País: Francia Categoría de tamaño: Grande Esperanza de vida promedio: 12–15 años Personalidad: Cariñoso / Inteligente / Tranquilo / Equilibrado, - Necesita cuidados moderados - Necesita poco entrenamiento - Paciente con niños y otros animales,L (26-44 kg)
Cane Corso,https://cdn.royalcanin-weshare-online.io/AWlfHWsBG95Xk-RBJfnw/v1/bd47bl-hub-cane-corso-adult-standing?w=320&fm=jpg&auto=compress,"Los Cane Corso, muy adaptables, receptivos y ágiles, son utilizados en todo el mundo como guardianes de la propiedad y el ganado.  A simple vista, el Cane Corso puede parecer un perro intimidante, pero detrás de ese aspecto hay un perro inteligente, ansioso por complacer a sus compañeros humanos e increíblemente fiel a ellos. Fuente: Datos y características aportados por la Fédération Cynologique Internationale (FCI)",País: Italia Categoría de tamaño: Grande Esperanza de vida promedio: 10–12 años Personalidad: Fuerte / Protector / Ágil / Obediente, - Un gran perro guardián - Necesita un dueño con experiencia - Requiere espacio exterior,L (26-44 kg)
Cazador de Alces Sueco,https://cdn.royalcanin-weshare-online.io/MiIyx2oBaxEApS7LrBwc/v1/bd110bl-hub-jamthund-adult-standing?w=320&fm=jpg&auto=compress,"El Cazador de Alces Sueco, también conocido como Jämthund, es un perro grande y fuerte. A pesar de esto, son perros tranquilos y sociables, excelentes compañeros para propietarios experimentados. Estos perros se crían para que sean un tanto independientes por naturaleza. Por lo tanto, necesitan propietarios que puedan afirmarse como el verdadero ""alfa"" de la casa y que les enseñen a manejar su fuerza y su naturaleza protectora. Fuente: Datos y características aportados por la Fédération Cynologique Internationale (FCI)",País: Suecia Categoría de tamaño: Grande Esperanza de vida promedio: 12–13 años Personalidad: Alegre / Alerta / Afable / Seguro / Trabajador / Obediente, - Un gran perro guardián - Necesita cuidados moderados - Requiere espacio exterior,L (26-44 kg)
Cesky fousek,https://www.royalcanin.com/es/-/media/dog_cat_illustrations_grey-01.png?rev=af74c8185dca48b89bb905ba394b8eaa&w=320&fm=jpg&auto=compress,"El cesky fousek es miembro de una raza noble de perros medianos de pelo duro que expresa resistencia y fuerza. Estos perros de muestra versátiles han heredado las cualidades necesarias para trabajar en el campo, en el agua y en el bosque. Fácil de educar y muy apegado a sus dueños. La Primera Guerra Mundial y sus consecuencias fueron responsables de que el cesky fousek casi desapareciese en los años 20. A partir de algunos ejemplares típicos originales se regeneró la raza moderna del cesky fousek mediante cría planificada. Fuente: Datos y características aportados por la Fédération Cynologique Internationale (FCI)",País: República Checa Categoría de tamaño: Grande Esperanza de vida promedio: 12–15 años Personalidad: Cariñoso / Seguro / Alerta / Independiente / Dócil / Inteligente / Leal / Obediente / Equilibrado / Fuerte, - Necesita poco entrenamiento - Paciente con niños y otros animales - Necesita cuidados moderados,L (26-44 kg)
Cimarrón uruguayo,https://cdn.royalcanin-weshare-online.io/1Ppb-WYBIYfdNSoC8wlp/v1/dog-illustrations-grey-01?w=320&fm=jpg&auto=compress,"Los cimarrones uruguayos, miembros de la raza nacional de su país natal, tienen muy buenas cualidades, entre las que destacan el pastoreo de ganado, la caza de presas de gran tamaño y la protección de personas y propiedades. Estos perros de tipo molosoide y de tamaño mediano son de huesos fuertes, musculosos, compactos y ágiles. Son muy elogiados por su equilibrio, inteligencia y valor, tanto en la caza como en el hogar. Fuente: Datos y características aportados por la Fédération Cynologique Internationale (FCI)",País: Uruguay Categoría de tamaño: Grande Esperanza de vida promedio: 10–13 años Personalidad: Seguro / Sociable / Equilibrado, - Un gran perro guardián - Necesita mucho ejercicio - Requiere cuidados mínimos,L (26-44 kg)
Clumber spaniel,https://cdn.royalcanin-weshare-online.io/2CIqxWoBaxEApS7L9hvQ/v1/bd170bl-hub-clumber-spaniel-adult-standing?w=320&fm=jpg&auto=compress,"Los clumber spaniels son perros estoicos, de gran corazón y muy inteligentes con una determinación que mejora sus habilidades naturales. Son trabajadores silenciosos que aprovechan sus sentidos excelentes y compañeros constantes y seguros que desprenden amabilidad y dignidad. Estos perros bien equilibrados y de huesos desarrollados tienen una expresión pensativa. Son animales activos con una gran fuerza. Debido a su cuerpo largo y piernas cortas, los clumber spaniels tienen un andar rodante, avanzando en línea recta por delante y por detrás sin esfuerzo. Fuente: Datos y características aportados por la Fédération Cynologique Internationale (FCI)",País: Reino Unido Categoría de tamaño: Grande Esperanza de vida promedio: 10–12 años Personalidad: Alegre / Inteligente / Obstinado / Tranquilo / Equilibrado / Leal / Cariñoso, - Requiere muchos cuidados - Requiere espacio exterior - Un gran perro para una familia,L (26-44 kg)
Coonhound Negro y Fuego,https://cdn.royalcanin-weshare-online.io/ECLVxWoBaxEApS7L5xy8/v1/bd146bl-hub-black-and-tan-coonhound-adult-standing?w=320&fm=jpg&auto=compress,"Los Coonhound Negro y Fuego son unos perros equilibrados, sociables y tranquilos, capaces de trabajar en estrecho contacto con otros perros. Algunos ejemplares pueden ser un poco tímidos, pero nunca son asustadizos ni agresivos. Raramente muestran un comportamiento agresivo hacia las personas o hacia otros perros. Su rostro refleja perfectamente su capacidad de atención y su amabilidad. Los Coonhound Negro y Fuego son, ante todo, perros de trabajo, entrenados para rastrear mapaches por el olor, obligándolos a refugiarse en los árboles. Las características de los perros de esta raza estadounidense les permiten afrontar temperaturas extremas tanto en invierno como en verano, y manejarse en los terrenos más difíciles. Su aptitud y coraje también los hacen muy aptos para la cacería del venado, el oso, el puma y otros ejemplares de caza mayor. Fuente: Datos y características aportados por la Fédération Cynologique Internationale (FCI)",País: Estados Unidos Categoría de tamaño: Grande Esperanza de vida promedio: 10–12 años Personalidad: Cariñoso / Seguro / Alerta / Afable / Dócil / Independiente / Tranquilo / Sensible / Equilibrado / Sociable / Obstinado / Fuerte, - La educación deberá comenzar pronto - Requiere espacio exterior - Necesita mucho ejercicio,L (26-44 kg)
Cuvac Eslovaco,https://cdn.royalcanin-weshare-online.io/l_rlsmoBIYfdNSoC4RhR/v1/bd298bl-hub-slovakian-chuvach-adult-standing?w=320&fm=jpg&auto=compress,"Los Cuvacs Eslovacos son perros de montaña de constitución sólida que tienen una gruesa capa de pelaje blanco y una estructura ósea robusta. Pertenecen a una raza alegre, siempre en alerta y valiente. A lo largo de los siglos, estos imponentes perros, con una estructura maciza y rectangular, se han acostumbrado al duro clima de los montes Tatras, en Eslovaquia. El nombre de la raza está relacionado con la palabra eslovaca que significa ""escuchar"". Fuente: Datos y características aportados por la Fédération Cynologique Internationale (FCI)",País: Eslovaquia Categoría de tamaño: Grande Esperanza de vida promedio: 11–13 años Personalidad: Alerta / Dócil / Independiente / Leal / Equilibrado / Fuerte, - Necesita un dueño con experiencia - Dócil con los niños - Requiere cuidados mínimos,L (26-44 kg)
Dálmata,https://cdn.royalcanin-weshare-online.io/0fqUHWsBIYfdNSoCfRo2/v1/bd55bl-hub-dalmatian-adult-standing?w=320&fm=jpg&auto=compress,"Además de ser estrellas de la gran pantalla, los Dálmatas son perros deportivos versátiles que se adaptan bien a muchas disciplinas diferentes. Los Dálmatas son alegres, leales, independientes y fáciles de adiestrar. Son perros activos a los que les gusta el ejercicio al aire libre y que sienten atracción por el agua. Fuente: Datos y características aportados por la Fédération Cynologique Internationale (FCI)",País: Croacia Categoría de tamaño: Grande Esperanza de vida promedio: 10–13 años Personalidad: Equilibrado / Afable / Seguro / Alegre / Cariñoso / Leal / Independiente, - Necesita un dueño con experiencia - Necesita poco entrenamiento - Necesita cuidados moderados,L (26-44 kg)
Dogo Argentino,https://cdn.royalcanin-weshare-online.io/3CIvxWoBaxEApS7L5Bua/v1/bd179bl-hub-dogo-argentino-adult-standing?w=320&fm=jpg&auto=compress,"Los Dogos Argentinos son perros compactos y musculosos de largas extremidades. Son animales inteligentes de reacción rápida, aunque su modo de andar sea tranquilo. El color del pelaje de estos perros leales y cariñosos es llamativamente blanco. Esta raza posee una constitución atlética. En climas tropicales, su pelaje es fino y poco denso, y puede presentar áreas pigmentadas. En climas fríos, el pelaje es más grueso y denso, y puede haber una subcapa inferior de pelo Fuente: Datos y características aportados por la Fédération Cynologique Internationale (FCI)",País: Argentina Categoría de tamaño: Grande Esperanza de vida promedio: 10–12 años Personalidad: Ágil / Dócil / Afable / Tranquilo / Fuerte / Seguro / Cariñoso, - Requiere espacio exterior - Necesita poco entrenamiento - Un gran perro para una familia,L (26-44 kg)
Dogo de Mallorca,https://cdn.royalcanin-weshare-online.io/y2nysmoBG95Xk-RBsPa8/v1/bd261bl-hub-majorca-mastiff-adult-lying-down?w=320&fm=jpg&auto=compress,"Aunque es un perro de naturaleza pacífica, se sabe de situaciones en que el dogo de Mallorca es vigilante y valiente. Es sociable con las personas y muestra una gran lealtad y cariño por su compañero. Los dogos de Mallorca son excelentes perros de guardia y defensa, seguros de sí mismos, con una mirada penetrante cuando están alerta. Fuente: Datos y características aportados por la Fédération Cynologique Internationale (FCI)",País: España Categoría de tamaño: Grande Esperanza de vida promedio: 10–12 años Personalidad: Alerta / Seguro / Independiente / Tranquilo / Equilibrado, - Un gran perro guardián - Requiere cuidados mínimos - Bueno con las personas,L (26-44 kg)
Espinone,https://cdn.royalcanin-weshare-online.io/cfrLsmoBIYfdNSoCQBi4/v1/bd309bl-hub-italian-spinone-adult-standing?w=320&fm=jpg&auto=compress,"De carácter sociable, dócil y paciente, los Espinones son hábiles cazadores en cualquier terreno. Excelentes recuperadores y rastreadores, se mueven rápidamente con un trote largo. En una encuesta realizada a los amantes de los perros en Italia, el Espinone salió como compañero ideal, cosa que no les resta valor como hábiles cazadores. Fuente: Datos y características aportados por la Fédération Cynologique Internationale (FCI)",País: Italia Categoría de tamaño: Grande Esperanza de vida promedio: 12–14 años Personalidad: Fuerte / Sociable / Tranquilo / Atlético, - Necesita cuidados moderados - Necesita mucho ejercicio - Disfruta del entrenamiento,L (26-44 kg)
Fila de San Miguel,https://cdn.royalcanin-weshare-online.io/1Ppb-WYBIYfdNSoC8wlp/v1/dog-illustrations-grey-01?w=320&fm=jpg&auto=compress,"Esta raza procede de una ubicación remota en pleno Atlántico, motivo por el cual no es sorprendente que esta raza sea muy escasa. El fila de San Miguel es un perro pastor fuerte e inteligente muy apreciado entre los ganaderos en su tierra natal por sus atributos físicos, que le permiten trabajar con intensidad sea cual sea el clima. Estos perros pastores sobresalientes también son adecuados para defender propiedades y personas. Son muy confiados con extraños pero dóciles con su dueño. Estos perros son muy inteligentes y receptivos y, al dirigir rebaños lecheros, muerden por lo bajo para no dañar las ubres. Fuente: Datos y características aportados por la Fédération Cynologique Internationale (FCI)",País: Portugal Categoría de tamaño: Grande Esperanza de vida promedio: 12–15 años Personalidad: Obstinado / Tranquilo / Inteligente / Obediente, - Un gran perro guardián - Requiere cuidados mínimos - Necesita mucho ejercicio,L (26-44 kg)
Galgo Español,https://cdn.royalcanin-weshare-online.io/lfrismoBIYfdNSoCXRil/v1/bd307bl-hub-spanish-greyhound-adult-standing?w=320&fm=jpg&auto=compress,"Se cree que el Galgo Español es uno de los ancestros del greyhound. También existe una variedad de pelo duro con un pelo más rústico que puede variar en longitud y tiende a formar barba y bigote, así como cejas y un mechón en la parte superior de la cabeza. Se trata de perros serios y distantes que gastan mucha energía y muestran una gran vivacidad en la caza. A pesar de esto, en el hogar son perros dóciles y tranquilos que se llevan bien con los niños y otras mascotas. Fuente: Datos y características aportados por la Fédération Cynologique Internationale (FCI)",País: Afganistán Categoría de tamaño: Grande Esperanza de vida promedio: 12–18 años Personalidad: Atlético / Independiente / Inteligente / Leal / Juguetón, - Paciente con niños y otros animales - Necesita ejercicio moderado - Necesita cuidados moderados,L (26-44 kg)
Golden retriever,https://cdn.royalcanin-weshare-online.io/zGkpHWsBG95Xk-RBdPhb/v1/bd13bl-hub-golden-retriever-adult-standing?w=320&fm=jpg&auto=compress,"Los golden retriever son mascotas fantásticas para la familia, pero también son perros versátiles para el deporte y el trabajo. En los deportes destacan en disciplinas tan variadas como la obediencia y agility; también sirven como perros guía y de búsqueda y rescate, por no mencionar su sobresaliente habilidad como rastreadores y perdigueros en la caza. Los golden retrievers tienen una gran cantidad de cualidades que justifican su popularidad en todo el mundo. Fuente: Datos y características aportados por la Fédération Cynologique Internationale (FCI)",País: Reino Unido Categoría de tamaño: Grande Esperanza de vida promedio: 10–13 años Personalidad: Inteligente / Equilibrado / Alegre / Cariñoso / Afable / Seguro / Leal, - Un gran perro para una familia - Es un perro de trabajo versátil - Necesita un entrenamiento moderado,L (26-44 kg)
Gran boyero suizo,https://cdn.royalcanin-weshare-online.io/MCLYHWsBaxEApS7LlB1f/v1/bd68bl-hub-great-swiss-mountain-dog-adult-standing?w=320&fm=jpg&auto=compress,"Estos robustos perros son musculosos y de complexión fuerte, pero, a pesar de su impresionante estatura, los gran boyeros suizos son animales activos con una notable capacidad de resistencia.  Los gran boyeros suizos, seguros, equilibrados, siempre en alerta e intrépidos en situaciones cotidianas, son perros de buen carácter y muy cariñosos con las personas que conocen. También se muestran confiados en presencia de extraños. Fuente: Datos y características aportados por la Fédération Cynologique Internationale (FCI)",País: Suiza Categoría de tamaño: Grande Esperanza de vida promedio: 10–12 años Personalidad: Ágil / Seguro / Alerta / Cariñoso / Leal, - Requiere espacio exterior - Requiere cuidados mínimos - Necesita poco entrenamiento,L (26-44 kg)
Gran Grifón Vendeano,https://cdn.royalcanin-weshare-online.io/1Ppb-WYBIYfdNSoC8wlp/v1/dog-illustrations-grey-01?w=320&fm=jpg&auto=compress,"El Gran Grifón Vendeano es un sabueso que se usa habitualmente en la caza mayor de ciervos, corzos, jabalíes y zorros, en manada ó en solitario. Dócil, voluntarioso y entusiasta, requiere una educación firme. Fuente: Datos y características aportados por la Fédération Cynologique Internationale (FCI)",País: Francia Categoría de tamaño: Grande Esperanza de vida promedio: 10–15 años Personalidad: Tranquilo / Obstinado, - La educación deberá comenzar pronto - Paciente con niños y otros animales - Necesita mucho ejercicio,L (26-44 kg)
Gran münsterländer,https://cdn.royalcanin-weshare-online.io/pWnXsmoBG95Xk-RBzfbB/v1/bd243bl-hub-large-munsterlander-adult-standing?w=320&fm=jpg&auto=compress,"Por encima de todo, son aprendices dóciles y amables, con habilidades comprobadas como perros de caza. Son alegres, pero no nerviosos. El Club del Gran Münsterländer fue establecido en 1919, después de que se excluyese a los perros negros y blancos del Club alemán del pointer de pelo largo porque se consideraba que tenían sangre inglesa. Fuente: Datos y características aportados por la Fédération Cynologique Internationale (FCI)",País: Alemania Categoría de tamaño: Grande Esperanza de vida promedio: 11–13 años Personalidad: Alerta / Seguro / Independiente / Afable / Inteligente / Leal / Tranquilo / Obediente / Equilibrado / Fuerte, - Requiere espacio exterior - Disfruta del entrenamiento - Necesita mucho ejercicio,L (26-44 kg)
Gran sabueso anglofrancés blanco y naranja,https://cdn.royalcanin-weshare-online.io/j2nMsmoBG95Xk-RB1vYu/v1/bd208bl-hub-great-anglo-french-white-and-orange-hound-adult-standing?w=320&fm=jpg&auto=compress,"De las tres razas anglofrancesas, la blanco y naranja es, sin duda, la menos conocida y la menos frecuente. Morfológicamente, no tiene nada que envidiar a sus primos, que difieren en términos de color y tipo. Por las venas del gran sabueso anglofrancés blanco y naranja, cruce entre el francés blanco y naranja y el foxhound inglés, corre mucha sangre británica. La cabeza, más pequeña, de estos perros fuertes y poderosos, procede más de sus raíces inglesas que la de la raza tricolor. Fuente: Datos y características aportados por la Fédération Cynologique Internationale (FCI)",País: Francia Categoría de tamaño: Grande Esperanza de vida promedio: 12–13 años Personalidad: Trabajador, - Requiere cuidados mínimos - Paciente con niños y otros animales - Requiere espacio exterior,L (26-44 kg)
Gran Sabueso Anglo-Francés Blanco y Naranja,https://cdn.royalcanin-weshare-online.io/APpuwWoBIYfdNSoCghmP/v1/bd194bl-hub-french-white-and-orange-hound-adult-standing?w=320&fm=jpg&auto=compress,"Como todos los perros criados para cazar en jauría, es fácil convivir con el Gran Sabueso Anglo-Francés Blanco y Naranja, aunque intentará imponerse en su relación con otros perros. Se cree que este sabueso francés de aspecto robusto está emparentado con otra raza gala poco común, el Billy, que al parecer se utilizó en los programas de cría. Fuente: Datos y características aportados por la Fédération Cynologique Internationale (FCI)",País: Francia Categoría de tamaño: Grande Esperanza de vida promedio: 10–13 años Personalidad: Independiente / Alegre, - Requiere cuidados mínimos - Dócil con los niños - Le encanta cazar,L (26-44 kg)
Gran Sabueso Anglo-Francés Blanco y Negro,https://cdn.royalcanin-weshare-online.io/dPrMsmoBIYfdNSoCpRgy/v1/bd207bl-hub-great-anglo-french-white-and-black-hound-adult-standing?w=320&fm=jpg&auto=compress,"Este perro valiente y fuerte está adaptado para perseguir a animales de caza mayor como jabalíes y corzos. Musculoso y de constitución fuerte, es tan resistente y robusto como sugiere su parentesco con el Gascón Saintongeois. Existen aproximadamente 2000 ejemplares de esta raza y cada año nacen unos 200 cachorros. Se utilizan en jaurías de 20 o más para la caza de corzos, y solos para la caza de ciervos. Son perros afables que forman relaciones profundas con las personas y son fáciles de controlar en manada. Fuente: Datos y características aportados por la Fédération Cynologique Internationale (FCI)",País: Francia Categoría de tamaño: Grande Esperanza de vida promedio: 10–14 años Personalidad: Fuerte / Afable / Trabajador, - Requiere cuidados mínimos - Requiere espacio exterior - Necesita mucho ejercicio,L (26-44 kg)
Gran sabueso anglofrancés tricolor,https://cdn.royalcanin-weshare-online.io/jmnMsmoBG95Xk-RBgvZT/v1/bd206bl-hub-great-anglo-french-tricolour-hound-adult-standing?w=320&fm=jpg&auto=compress,"En Francia, al gran sabueso anglofrancés tricolor está muy valorado como el cruce perfecto. Estos sabuesos sólidos, más franceses que ingleses, poseen una cierta distinción, y expresan diversos grados de sus orígenes como foxhound. Considerados los perros de caza más robustos, los tricolores son populares entre los cazadores desde hace décadas, debido, en parte, a la fuerza, energía y resistencia de sus ancestros ingleses. Desde su reconocimiento oficial en 1978, la raza es una habitual de las manadas cazadoras. Fuente: Datos y características aportados por la Fédération Cynologique Internationale (FCI)",País: Francia Categoría de tamaño: Grande Esperanza de vida promedio: 12–14 años Personalidad: Trabajador / Fuerte, - Requiere cuidados mínimos - Requiere espacio exterior - Necesita mucho ejercicio,L (26-44 kg)
Gran Sabueso Azul de Gascuña,https://cdn.royalcanin-weshare-online.io/jWnMsmoBG95Xk-RBGfad/v1/bd204bl-hub-great-gascony-blue-adult-standing?w=320&fm=jpg&auto=compress,"Muy extendidos por el sur (""midi"") y el sudoeste de Francia, particularmente en Gascuña, de donde reciben su nombre, son el origen de todos los sabuesos rastreadores llamados ""del sur"" (""du midi""). Suelen cazar en jauría y para ello tienen un instinto muy desarrollado; no obstante, estos perros, muy trabajadores, también son capaces de actuar en solitario como sabuesos de rastreo. Poseen un sentido del olfato muy fino y un ladrido resonante y, fácilmente educables con poco entrenamiento. Fuente: Datos y características aportados por la Fédération Cynologique Internationale (FCI)",País: Francia Categoría de tamaño: Grande Esperanza de vida promedio: 10–12 años Personalidad: Obediente / Obstinado / Tranquilo, - Paciente con niños y otros animales - Necesita mucho ejercicio - Necesita un entrenamiento moderado,L (26-44 kg)
Greyhound,https://cdn.royalcanin-weshare-online.io/MSLZHWsBaxEApS7Lph3A/v3/bd70bl-hub-greyhound-adult-sitting?w=320&fm=jpg&auto=compress,"Reconocido por su capacidad atlética y buena visión, el greyhound ha sido uno de los favoritos en Gran Bretaña desde la Edad Media. Una ley aprobada en esos tiempos establecía que solo la realeza y la nobleza podían cazar con estos perros tan prestigiosos. Estos perros requieren pocos cuidados y son inteligentes, cariñosos y tranquilos y disfrutan de pasar el día relajándose con sus familias humanas. Se adaptan mejor a dueños que entienden las necesidades únicas de los greyhounds. Fuente: Datos y características aportados por la Fédération Cynologique Internationale (FCI)",País: Reino Unido Categoría de tamaño: Grande Esperanza de vida promedio: 10–13 años Personalidad: Inteligente / Dócil / Cariñoso / Equilibrado, - Necesita un entrenamiento moderado - Requiere espacio exterior - Un gran perro para una familia,L (26-44 kg)
Grifón de Muestra de Pelo Duro,https://cdn.royalcanin-weshare-online.io/GfotxWoBIYfdNSoCnhkZ/v1/bd176bl-hub-deutsch-stichelhaar-adult-standing?w=320&fm=jpg&auto=compress,"El pelaje es un rasgo característico de esta raza: estos perros potentes tienen una barba de tamaño medio y cejas tupidas y fuertes. Los Grifones de Muestra de Pelo Duro son perros equilibrados y tranquilos. Son fuertes, valientes y seguros de sí mismos. Fuente: Datos y características aportados por la Fédération Cynologique Internationale (FCI)",País: Alemania Categoría de tamaño: Grande Esperanza de vida promedio: 12–14 años Personalidad: Equilibrado / Seguro / Tranquilo / Fuerte, - Necesita cuidados moderados - Le encanta cazar,L (26-44 kg)
Hovawart ,https://cdn.royalcanin-weshare-online.io/lWnPsmoBG95Xk-RBFvYV/v1/bd217bl-hub-hovawart-adult-standing?w=320&fm=jpg&auto=compress,"Los Hovawarts son perros de trabajo de tamaño mediano y complexión ligeramente rectangular, dinámicos y de pelo largo. Estos animales bien equilibrados y bondadosos tienen un gran instinto defensivo y protector, además de un muy buen sentido del olfato. Seguros de sí mismo y equilibrados, son maravillosos perros de compañía que desarrollan un fuerte vínculo con su familia. También son hábiles perros de rastreo y rescate, lo que demuestra su impresionante versatilidad. Fuente: Datos y características aportados por la Fédération Cynologique Internationale (FCI)",País: Alemania Categoría de tamaño: Grande Esperanza de vida promedio: 10–14 años Personalidad: Cariñoso / Protector / Seguro / Equilibrado / Leal / Alerta, - Necesita cuidados moderados - Necesita poco entrenamiento,L (26-44 kg)
Komondor,https://cdn.royalcanin-weshare-online.io/K_oox2oBIYfdNSoCRBmO/v1/bd81bl-hub-komondor-adult-standing?w=320&fm=jpg&auto=compress,"Por naturaleza, los perros Komondor son desconfiados con los extraños y sumamente protectores con sus propietarios y su hogar, por lo que son muy preciados como perros guardianes. Debido a su gran tamaño y a su naturaleza de pastor protector, resultan más adecuados para propietarios con experiencia que puedan proporcionar la socialización, el entrenamiento y el ejercicio que necesita. Fuente: Datos y características aportados por la Fédération Cynologique Internationale (FCI)",País: Hungría Categoría de tamaño: Grande Esperanza de vida promedio: 10–12 años Personalidad: Fuerte / Seguro / Protector / Tranquilo / Alerta, - Necesita mucho ejercicio - Necesita mucho espacio - Requiere mucho entrenamiento,L (26-44 kg)
Kuvasz,https://cdn.royalcanin-weshare-online.io/bfrJsmoBIYfdNSoC6Bji/v1/bd82bl-hub-kuvasz-adult-standing?w=320&fm=jpg&auto=compress,"El kuvasz es un perro grande, fuerte y seguro de sí mismo, usado en su Hungría natal como perro pastor. Su pelaje ondulado, blanco y espeso los protege de las inclemencias del tiempo Los kuvaszs se muestran tímidos con los extraños y son famosos por su habilidad como perros guardianes, protegiendo propiedades, objetos de valor y personas. Fuente: Datos y características aportados por la Fédération Cynologique Internationale (FCI)",País: Hungría Categoría de tamaño: Grande Esperanza de vida promedio: 10–12 años Personalidad: Alerta / Seguro / Protector / Leal / Cariñoso / Alegre / Independiente / Fuerte, - Requiere espacio exterior - Necesita cuidados moderados - Requiere mucho entrenamiento,L (26-44 kg)
Labrador Retriever,https://cdn.royalcanin-weshare-online.io/v2mgHGsBG95Xk-RBPfix/v1/bd1bl-hub-labrador-retriever-adult-standing?w=320&fm=jpg&auto=compress,"Nadar, perseguir, jugar, pasear con su propietario... ¡El Labrador Retriever está preparado para todo y más! Si quieres una raza que sea muy sencilla de educar, de gran inteligencia, con un carácter equilibrado y, sobre todo, juguetón, el Labrador Retriever es para ti. Además, a la mayoría de los Labrador Retriever les encantan los niños. Es importante recordar que esta raza tiene una motivación bastante grande: ¡su apetito! Esto puede suponer que el mantener al animal en su peso saludable sea un reto, mucho más que en otras razas. Sin embargo, con una dieta saludable y equilibrada, y ejercicio, es totalmente factible. Fuente: Datos y características aportados por la Fédération Cynologique Internationale (FCI)",País: Canadá Categoría de tamaño: Grande Esperanza de vida promedio: 10–14 años Personalidad: Equilibrado / Ágil / Adaptable / Leal / Inteligente / Cariñoso / Alegre, - Necesita mucho espacio - Necesita mucho ejercicio - Dócil con los niños,L (26-44 kg)
Lebrel Afgano,https://cdn.royalcanin-weshare-online.io/c2kra2QBG95Xk-RBcNAQ/v2/afghan-hound?w=320&fm=jpg&auto=compress,"La gracia innata y la mirada penetrante del Lebrel Afgano le han generado muchos admiradores en todo el mundo. Originalmente, el Lebrel Afgano se crió como perro de caza en montañas y desiertos, y se caracteriza por una velocidad, una resistencia y una agilidad impresionantes.  Aunque tímido con los extraños, el Lebrel Afgano es cariñoso, leal y juguetón con su familia. Sin embargo, el Lebrel Afgano es relativamente independiente y no responde bien a métodos estrictos de entrenamiento. Es más adecuado para propietarios con experiencia. Fuente: Datos y características aportados por la Fédération Cynologique Internationale (FCI)",País: Afganistán Categoría de tamaño: Grande Esperanza de vida promedio: 12–18 años Personalidad: Atlético / Independiente / Inteligente / Leal / Juguetón, - Requiere muchos cuidados - Necesita un dueño con experiencia - Necesita mucho ejercicio,L (26-44 kg)
Lebrel Escocés,https://cdn.royalcanin-weshare-online.io/nfrosmoBIYfdNSoCiBiz/v1/bd291bl-hub-deerhound-adult-standing?w=320&fm=jpg&auto=compress,"Estos perros de buen carácter son muy confiados, nunca están nerviosos y tienen mucha presencia. Parecen galgos de pelo duro pero más grandes y con huesos de mayor tamaño, los Lebreles Escoceses son excelentes compañeros, maravillosos cazadores y corredores habilidosos. Tradicionalmente, en Escocia siempre ha habido lebreles de pelo duro. Mediante procesos de cruce y selección se llegó al Lebrel Escocés, que ahora es una raza emblemática en Escocia. Fuente: Datos y características aportados por la Fédération Cynologique Internationale (FCI)",País: Reino Unido Categoría de tamaño: Grande Esperanza de vida promedio: 8–11 años Personalidad: Dócil / Afable / Obediente / Entusiasta / Tranquilo / Cariñoso / Fuerte / Equilibrado, - Necesita poco entrenamiento - Necesita cuidados moderados - Necesita un dueño con experiencia,L (26-44 kg)
Lebrel Húngaro,https://cdn.royalcanin-weshare-online.io/i_rYsmoBIYfdNSoC6BiC/v1/bd245bl-hub-hungarian-greyhound-magyar-aga-adult-standing?w=320&fm=jpg&auto=compress,"Los Lebreles Húngaros son perros incansables, rápidos y resistentes. Muy apreciados por su tolerancia y resistencia, tienen capacidades especiales para la caza y las carreras, y logran buenos resultados, particularmente en distancias más largas. Algunos Lebreles Húngaros incluso superan a los galgos en algunas distancias. Esta raza es de caza y localiza a las presas utilizando la vista. No obstante, también se destaca por su buen olfato. Esta raza húngara, de naturaleza un poco distante, es rápida, inteligente y leal. Fuente: Datos y características aportados por la Fédération Cynologique Internationale (FCI)",País: Hungría Categoría de tamaño: Grande Esperanza de vida promedio: 12–14 años Personalidad: Fuerte / Tímido / Inteligente / Leal, - Gran compañero - Un gran perro deportivo - Un gran perro guardián,L (26-44 kg)
Mastín del Alentejo,https://cdn.royalcanin-weshare-online.io/o_rssmoBIYfdNSoCexiw/v1/bd282bl-hub-rafeiro-of-alentejo-adult-standing?w=320&fm=jpg&auto=compress,"Estos perros gigantes y fuertes son resistentes y sobrios. La impresión general es ligeramente convexa, con más longitud que anchura. También se conocen como mastines portugueses y son excelentes perros guardianes para la casa, además de ser muy apropiados para proteger ganado, especialmente de noche. Durante el día, están menos activos, pero pueden ser intimidantes si se encuentran con algún visitante no esperado. Fuente: Datos y características aportados por la Fédération Cynologique Internationale (FCI)",País: Portugal Categoría de tamaño: Grande Esperanza de vida promedio: 10–12 años Personalidad: Independiente / Tranquilo / Equilibrado / Sociable / Seguro / Tranquilo, - Un gran perro guardián - Necesita cuidados moderados - Entrenar la obediencia es esencial,L (26-44 kg)
Otterhound,https://cdn.royalcanin-weshare-online.io/tvrzsmoBIYfdNSoCqRgD/v1/bd258bl-hub-otterhound-adult-standing?w=320&fm=jpg&auto=compress,"Estos grandes perros de constitución robusta tienen una cabeza majestuosa y unas patas rectas, con las que dan pasos flexibles y largos. Dada su función primaria, sus grandes patas y su áspero pelaje de doble capa son características esenciales de la raza. Estos perros de caza afables, cariñosos y enérgicos son excelentes compañeros para las personas que llevan vidas activas, y son conocidos por utilizar una amplia gama de vocalizaciones. Fuente: Datos y características aportados por la Fédération Cynologique Internationale (FCI)",País: Reino Unido Categoría de tamaño: Grande Esperanza de vida promedio: 10–13 años Personalidad: Afable / Equilibrado / Seguro, - Requiere espacio exterior - Necesita cuidados moderados - Un gran perro para una familia,L (26-44 kg)
Pastor Alemán,https://cdn.royalcanin-weshare-online.io/kfqjHGsBIYfdNSoCkxpw/v1/bd3bl-hub-german-shepherd-adult-standing?w=320&fm=jpg&auto=compress,"Si la educación es la apropiada, los Pastores Alemanes son equilibrados, seguros de sí mismos, atentos, dóciles y muy inteligentes. Esta larga lista de cualidades los convierte en buenos compañeros y protectores, y excelentes perros guardianes y de pastoreo.  Los Pastores Alemanes son perros con una gran capacidad de trabajo. Pueden llegar a tener un carácter dominante, pero la educación de un Pastor Alemán, si se le dedica el tiempo y la atención necesaria, es sencilla. Esta raza, para satisfacer sus altas necesidades de ejercicio y su deseo de aprender, debería ser estimulada diariamente, tanto física como mentalmente. Fuente: Datos y características aportados por la Fédération Cynologique Internationale (FCI)",País: Alemania Categoría de tamaño: Grande Esperanza de vida promedio: 9–13 años Personalidad: Equilibrado / Seguro / Cariñoso / Fuerte / Protector / Alegre / Obediente, - Es un perro de trabajo versátil - Necesita mucho ejercicio físico y mental - Un gran perro para una familia,L (26-44 kg)
Pastor Blanco Suizo,https://cdn.royalcanin-weshare-online.io/dmnDsmoBG95Xk-RBofZK/v1/bd325bl-hub-white-swiss-shepherd-dog-adult-standing?w=320&fm=jpg&auto=compress,"Estos perros pastores de tamaño mediano son fuertes y musculosos, y tienen las orejas erguidas, un doble pelaje de medio a largo y un cuerpo alargado. Los Pastores Blancos Suizos son perros familiares y de compañía dóciles, y a la mayoría les encantan los niños. Son perros guardianes atentos, trabajadores y con mucha energía. Los Pastores Blancos Suizos, siempre alerta y vigilantes, son perros equilibrados y para nada nerviosos. Aunque a veces se muestran algo tímidos con los extraños, nunca están ansiosos. Fuente: Datos y características aportados por la Fédération Cynologique Internationale (FCI)",País: Suiza Categoría de tamaño: Grande Esperanza de vida promedio: 12–14 años Personalidad: Alerta / Afable / Inteligente / Sociable / Cariñoso / Obediente, - Un gran perro guardián - Requiere cuidados mínimos - Necesita mucho ejercicio,L (26-44 kg)
Pastor de Beauce,https://cdn.royalcanin-weshare-online.io/DSLVxWoBaxEApS7LHhzc/v1/bd142bl-hub-beauce-sheep-dog-adult-standing?w=320&fm=jpg&auto=compress,"Los pastores de Beauce son perros grandes, de complexión maciza, poderosos y musculosos, pero a la vez esbeltos. El cuerpo, caracterizado por unas proporciones medianas, debe medir ligeramente más desde la base del cuello hasta la base de la cola que la altura hasta la cruz. Hoy en día, es la raza más popular de perros pastores franceses, tanto en su país natal como en el extranjero. Estos perros son audaces y francos. Su expresión es sincera, nunca cruel, reservada ni preocupada. Deben destacar por su buen comportamiento y su audacia. Fuente: Datos y características aportados por la Fédération Cynologique Internationale (FCI)",País: Francia Categoría de tamaño: Grande Esperanza de vida promedio: 10–12 años Personalidad: Alegre / Seguro / Alerta / Independiente / Inteligente / Leal / Tranquilo / Fuerte, - Requiere cuidados mínimos - Requiere espacio exterior - Necesita poco entrenamiento,L (26-44 kg)
Pastor de Brie,https://cdn.royalcanin-weshare-online.io/82lWHWsBG95Xk-RBp_ig/v1/bd40bl-hub-briard-adult-standing?w=320&fm=jpg&auto=compress,"El Pastor de Brie es un perro robusto y musculoso, con un carácter equilibrado. Desde la década de 1990, la demanda mundial de esta raza ha alcanzado un nivel sin precedentes, y actualmente es la raza de pastor francés más extendida. El Pastor de Brie se adapta fácilmente al hogar familiar, por lo que es excelente como animal de compañía y perro guardián. Fuente: Datos y características aportados por la Fédération Cynologique Internationale (FCI)",País: Francia Categoría de tamaño: Grande Esperanza de vida promedio: 10–12 años Personalidad: Protector / Fuerte / Alegre / Alerta / Equilibrado / Sociable / Seguro, - Un gran perro guardián - Un gran perro para una familia - Requiere muchos cuidados,L (26-44 kg)
Pastor de la Maremma y de los Abruzos,https://cdn.royalcanin-weshare-online.io/jPrZsmoBIYfdNSoCahhs/v5/bd247bl-hub-maremma-and-the-abbruzes-sheepdog-adult-standing?w=320&fm=jpg&auto=compress,"Los Pastores de la Maremma y de los Abruzos son perros grandes y de complexión poderosa, con un aspecto robusto y en cierto modo rústico, pero a la vez majestuosos y elegantes. Los valientes perros guardianes de esta raza muestran gran coraje, decisión y resolución en su tarea principal de proteger y defender el ganado y las propiedades en general. Aunque orgullosos, los Pastores de la Maremma y de los Abruzos desarrollan una fuerte lealtad hacia sus compañeros humanos. Fuente: Datos y características aportados por la Fédération Cynologique Internationale (FCI)",País: Italia Categoría de tamaño: Grande Esperanza de vida promedio: 10–13 años Personalidad: Cariñoso / Tranquilo / Inteligente / Dócil, - Requiere cuidados mínimos - Un gran perro guardián - Disfruta del entrenamiento,L (26-44 kg)
Pastor Holandés,https://cdn.royalcanin-weshare-online.io/vyJ7wWoBaxEApS7LwRuK/v1/bd183bl-hub-dutch-shepherd-dog-adult-sitting?w=320&fm=jpg&auto=compress,"Cariñoso, obediente, muy leal y seguro, los Pastores Holandeses son poco exigentes y derrochan energía. Añade un constante estado de alerta a la mezcla y obtendrás la definición de un perro pastor. Los Pastores Holandeses son miembros de la familia de razas de perros pastores holandeses en la que también están el Schapendoes Neerlandés y el Perro Lobo de Saarloos. Los expertos dicen que originalmente se cruzaron con su primo belga, que tiene una fisonomía, variedades y aptitudes similares. Hoy en día, los Pastores Holandeses son reconocidos como perros de trabajo. Su valentía, coraje, resistencia e infatigabilidad son muy apreciados. Esta raza demuestra su carácter desde una edad muy temprana, por lo que es imprescindible ser firme en su educación. Una vez que haya sido educado y socializado adecuadamente, te sorprenderá de lo que tu perro es capaz. Fuente: Datos y características aportados por la Fédération Cynologique Internationale (FCI)",País: Países Bajos Categoría de tamaño: Grande Esperanza de vida promedio: 12–15 años Personalidad: Cariñoso / Alerta / Inteligente / Leal / Fuerte / Tímido, - Requiere espacio exterior - Un gran perro para una familia - Necesita mucho ejercicio,L (26-44 kg)
Pastor Polaco de Podhale,https://cdn.royalcanin-weshare-online.io/f2nFsmoBG95Xk-RBlfZh/v1/bd317bl-hub-tatra-shepherd-dog-adult-standing?w=320&fm=jpg&auto=compress,"Los Pastores Polacos de Podhale son perros guardianes y pastores, con una actitud imponente y un aspecto atractivo que los convierten en compañeros muy queridos. El primer estándar establecido en 1938 destacaba estas aptitudes. Su denso pelaje les permite vivir en climas extremos. Los Pastores Polacos de Podhale son perros fuertes y compactos con gran potencia y movilidad. A primera vista, este robusto animal puede recordar a otra gran raza blanca, el Kuvasz, pero si se le observa más de cerca, el polaco se diferencia del húngaro en muchos aspectos, en particular su cabeza dominante. Fuente: Datos y características aportados por la Fédération Cynologique Internationale (FCI)",País: Polonia Categoría de tamaño: Grande Esperanza de vida promedio: 10–12 años Personalidad: Cariñoso / Seguro / Alerta / Tranquilo / Seguro / Independiente / Inteligente / Leal / Obediente / Tranquilo / Sociable, - Un gran perro guardián - Necesita cuidados moderados - La educación deberá comenzar pronto,L (26-44 kg)
Pastor rumano de los Cárpatos,https://cdn.royalcanin-weshare-online.io/ovrssmoBIYfdNSoCSBi0/v1/bd283bl-hub-romanian-carpathian-shepherd-dog-adult-standing?w=320&fm=jpg&auto=compress,"Los individuos de esta raza relativamente grande, son ágiles sin ser pesados, por lo que, generalmente, son perros vigorosos. Se han utilizado durante cientos de años para el pastoreo. También son apreciados como perros guardianes. Estos valientes e innatos guardianes tienen un vínculo incondicional con su rebaño y su pastor. Son perros majestuosos, tranquilos y equilibrados. En cuanto a su aspecto, la raza se caracteriza por tener un cuerpo rectangular. Es fácil diferenciar entre machos y hembras: los machos son más altos y más fuertes. Fuente: Datos y características aportados por la Fédération Cynologique Internationale (FCI)",País: Rumanía Categoría de tamaño: Grande Esperanza de vida promedio: 12–14 años Personalidad: Dócil / Inteligente / Leal / Seguro / Tranquilo / Equilibrado, - Un gran perro guardián - Necesita mucho ejercicio - Requiere cuidados mínimos,L (26-44 kg)
Pastor rumano de Mioritza,https://www.royalcanin.com/es/-/media/dog_cat_illustrations_grey-01.png?rev=af74c8185dca48b89bb905ba394b8eaa&w=320&fm=jpg&auto=compress,"Los pastores rumanos de Mioritza son perros tranquilos y equilibrados que muestran un gran valor y una gran capacidad de lucha cuando depredadores como osos, lobos o linces amenazan a su rebaño. Desconfían de los extraños y son conocidos por ser excelentes perros guardianes. Es un buen perro pastor y un luchador muy valiente y eficaz contra posibles presas. Su carácter tranquilo y su paciencia con los niños lo convierten en un magnífico y cariñoso perro de familia. Fuente: Datos y características aportados por la Fédération Cynologique Internationale (FCI)",País: Rumanía Categoría de tamaño: Grande Esperanza de vida promedio: 12–14 años Personalidad: Tranquilo / Tranquilo / Dócil, - Necesita cuidados moderados - Un gran perro guardián - Paciente con niños y otros animales,L (26-44 kg)
Perdiguero de Burgos,https://cdn.royalcanin-weshare-online.io/3Prgu2oBIYfdNSoCGxgS/v1/bd260bl-hub-burgos-pointing-dog-adult-standing?w=320&fm=jpg&auto=compress,"Los Perdigueros de Burgos son perros de gran tamaño y pelo corto. Su cabeza está bien desarrollada, orejas grandes y largas que forman un pliegue al caer, el torso compacto y extremidades firmes. De constitución casi cuadrada, están bien proporcionados y son armoniosos en sus movimientos. El Perdiguero de Burgos es una raza resistente que puede trabajar en cualquier tipo de terreno y cazar cualquier tipo de presa. Los Perdigueros de Burgos son obedientes, fuertes y, sobre todo, están dotados de un agudo sentido del olfato y excelentes habilidades de caza, gracias a su tranquilidad y seguridad para seguir rastros, y a su impecable capacidad de señalización y recuperación de las presas. Fuente: Datos y características aportados por la Fédération Cynologique Internationale (FCI)",País: España Categoría de tamaño: Grande Esperanza de vida promedio: 12–14 años Personalidad: Dócil / Tranquilo / Fuerte / Trabajador / Obediente / Equilibrado / Inteligente, - Un gran perro para una familia,L (26-44 kg)
Perdiguero de Drente,https://cdn.royalcanin-weshare-online.io/wiJ_wWoBaxEApS7LXRuE/v1/bd181bl-hub-drentsche-partridge-dog-adult-standing?w=320&fm=jpg&auto=compress,"El Perdiguero de Drente es un perro de caza ideal para diversos tipos de terreno. Tiene una capacidad innata para mantener el contacto con el cazador. Mientras busca a una presa, mueve la cola en círculos, especialmente cuando detecta un rastro olfativo. Los ejemplares de esta raza tan adaptable son capaces de cazar muchos tipos de presa, tanto en campo abierto como en marismas. Además, son buenos perros cobradores y destacan en la búsqueda de presas perdidas. Fuente: Datos y características aportados por la Fédération Cynologique Internationale (FCI)",País: Países Bajos Categoría de tamaño: Grande Esperanza de vida promedio: 12–14 años Personalidad: Tranquilo / Afable / Leal / Inteligente / Trabajador / Dócil, - Requiere cuidados mínimos - Un gran perro para una familia - Disfruta del entrenamiento,L (26-44 kg)
Perro Crestado Rodesiano,https://cdn.royalcanin-weshare-online.io/JiIux2oBaxEApS7LDhyA/v1/bd98bl-hub-rhodesian-ridgeback-adult-standing?w=320&fm=jpg&auto=compress,"Los Perros Crestados Rodesianos se siguen utilizando para cazar en muchos lugares del mundo, pero son especialmente valorados como perros guardianes y de familia.  Esta raza se caracteriza por su agilidad y su elegancia. Cuenta con una cresta muy característica en el lomo, formada por unos pelos que crecen en sentido contrario al resto del pelaje. Fuente: Datos y características aportados por la Fédération Cynologique Internationale (FCI)",País: Sudáfrica Categoría de tamaño: Grande Esperanza de vida promedio: 10–12 años Personalidad: Ágil / Alegre / Inteligente / Tímido / Equilibrado, - Un gran perro guardián - Un gran perro para una familia - Necesita un dueño con experiencia,L (26-44 kg)
Perro de Agua Frisón,https://cdn.royalcanin-weshare-online.io/BPpvwWoBIYfdNSoCPhku/v1/bd196bl-hub-frisian-water-dog-adult-standing?w=320&fm=jpg&auto=compress,"Los Perros de Agua Frisones son animales tranquilos, de fuerte carácter y desconfiados con los extraños, lo cual los convierte en los perros guardianes ideales. Estos enérgicos perros de agua son adecuados para varias disciplinas. Se especializan en la caza de nutrias en zonas pantanosas, pero también son buenos para atrapar topos y otras plagas en los jardines. Por su carácter, prefieren disuadir a actuar. La mayoría de los Perros de Agua Frisones se encuentran en su tierra natal, aunque actualmente algunos viven en los Estados Unidos y otras partes de Europa. Fuente: Datos y características aportados por la Fédération Cynologique Internationale (FCI)",País: Países Bajos Categoría de tamaño: Grande Esperanza de vida promedio: 12–14 años Personalidad: Alerta / Seguro / Afable / Independiente / Inteligente / Leal / Tranquilo / Equilibrado / Fuerte, - Un gran perro guardián - Necesita cuidados moderados - Necesita un dueño con experiencia,L (26-44 kg)
Perro de Castro Laboreiro,https://cdn.royalcanin-weshare-online.io/Ufo_x2oBIYfdNSoCGhmN/v1/bd161bl-hub-castro-laboreiro-dog-adult-standing?w=320&fm=jpg&auto=compress,"Los Perros de Castro Laboreiro son perros lupoides tipo mastín con un cuerpo casi rectangular. Son animales robustos y a veces son de un color bastante llamativo. Su andar es relajado, ágil y dinámico. Los Perros de Castro Laboreiro son leales y dóciles con la gente que conocen y, a su vez, protegen muy bien al ganado contra los ataques de la gran cantidad de lobos que todavía merodea las montañas del norte de Portugal. Se trata de perros guardianes increíbles, que parecen no detenerse ni por un momento. Estos perros son nobles, pero también son perros de montaña robustos. Fuente: Datos y características aportados por la Fédération Cynologique Internationale (FCI)",País: Portugal Categoría de tamaño: Grande Esperanza de vida promedio: 11–13 años Personalidad: Seguro / Tranquilo / Dócil / Fuerte / Inteligente / Leal, - Un gran perro guardián - Requiere cuidados mínimos - Entrenar la obediencia es esencial,L (26-44 kg)
Perro de Groenlandia,https://cdn.royalcanin-weshare-online.io/1Ppb-WYBIYfdNSoC8wlp/v1/dog-illustrations-grey-01?w=320&fm=jpg&auto=compress,"Los Perros de Groenlandia son perros polares tipo Spitz muy fuertes, concebidos para la dura tarea de tirar de trineos en las frías condiciones climáticas del Ártico. Tienen un instinto sumamente desarrollado para cazar debido a sus antecedentes como cazadores de focas y osos polares. Los Perros de Groenlandia son animales robustos que resultan especialmente adecuados para las personas que disfrutan de la vida al aire libre.  Son excelentes compañeros para quienes les gusta pasear por el bosque o la montaña. Fuente: Datos y características aportados por la Fédération Cynologique Internationale (FCI)",País: Dinamarca Categoría de tamaño: Grande Esperanza de vida promedio: 12–14 años Personalidad: Afable / Independiente / Leal / Tranquilo / Fuerte / Alegre, - Necesita cuidados moderados - Necesita mucho ejercicio - Necesita mucho espacio,L (26-44 kg)
Perro de Muestra Alemán de Pelo Largo,https://cdn.royalcanin-weshare-online.io/PfqlH2YBIYfdNSoCEghb/v2/bd198bl-german-longhaired-pointer-adult-standing?w=320&fm=jpg&auto=compress,"Estos Spaniels equilibrados y tranquilos son excelentes compañeros y fáciles de educar. Son fuertes, musculosos y bastante bajos a la cruz, pero de constitución muy elegante. Los más pequeños suelen tener un peso considerable. Los Perros de Muestra Alemanes de Pelo Largo combinan las genealogías de los perros de aguas, de los cazadores de aves y de los perros sabuesos, lo cual explica sus habilidades excepcionalmente versátiles. Fuente: Datos y características aportados por la Fédération Cynologique Internationale (FCI)",País: Alemania Categoría de tamaño: Grande Esperanza de vida promedio: 12–14 años Personalidad: Cariñoso / Afable / Dócil / Inteligente / Sociable, - Requiere espacio exterior - Disfruta del entrenamiento - Necesita cuidados moderados,L (26-44 kg)
Perro de Pastor Mallorquín,https://cdn.royalcanin-weshare-online.io/RCI-x2oBaxEApS7L8xz6/v3/bd160bl-hub-majorca-shepherd-dog-adult-standing?w=320&fm=jpg&auto=compress,"El Perro de Pastor Mallorquín es grande y de peso mediano. Tiene el pelaje negro (a veces con marcas blancas en el pecho) y es equilibrado, resistente, fuerte, musculoso, robusto y ágil. Hay dos variedades de manto: el de pelo corto (el más común) y el de pelo largo. Este perro extremadamente noble solo reconoce a un propietario y tienen dificultades para relacionarse con personas desconocidas. Inteligente, obediente, cariñoso, huraño y reservado cuando es joven, es inusualmente sensible. Fiel compañero hasta el final, es valiente y combativo. Fuente: Datos y características aportados por la Fédération Cynologique Internationale (FCI)",País: España Categoría de tamaño: Grande Esperanza de vida promedio: 11–13 años Personalidad: Seguro / Leal / Sensible / Inteligente / Obediente / Cariñoso / Fuerte, - Requiere cuidados mínimos - Un gran perro guardián - Dócil con los niños,L (26-44 kg)
Perro de San Huberto,https://cdn.royalcanin-weshare-online.io/42lJHWsBG95Xk-RBLPhd/v1/bd32bl-hub-bloodhound-adult-standing?w=320&fm=jpg&auto=compress,"Los Perros de San Huberto son imponentes y de una gran nobleza, reforzada por su aspecto solemne. A pesar de su presencia, los Perros de San Huberto son animales extremadamente cariñosos y de naturaleza dócil. Su excepcional olfato es legendario, por lo que no es de extrañar que se los suela utilizar para buscar a personas desaparecidas. Fuente: Datos y características aportados por la Fédération Cynologique Internationale (FCI)",País: Bélgica Categoría de tamaño: Grande Esperanza de vida promedio: 10–12 años Personalidad: Dócil / Equilibrado / Cariñoso / Sociable / Tranquilo / Obstinado / Tímido / Sensible / Tranquilo, - Requiere espacio exterior - Necesita cuidados moderados - Necesita poco entrenamiento,L (26-44 kg)
Perro del Faraón,https://cdn.royalcanin-weshare-online.io/s_rwsmoBIYfdNSoC7hi_/v1/bd265bl-hub-pharaoh-hound-adult-standing?w=320&fm=jpg&auto=compress,"Estos perros de tamaño mediano son elegantes y tienen mucha energía. Los Perros del Faraón son muy rápidos en su movimiento. Están siempre en alerta. Son cazadores apasionados que cazan tanto por el olfato como por la vista, y también utilizan su sentido del oído en distancias cortas. El Perro del Faraón es una raza increíblemente alegre, inteligente y cariñosa, que se lleva bien con todos los miembros de la familia, incluidos los niños y otras mascotas. Debido a su naturaleza afable, el Faraón no es la opción más adecuada como perro guardián. Fuente: Datos y características aportados por la Fédération Cynologique Internationale (FCI)",País: Malta Categoría de tamaño: Grande Esperanza de vida promedio: 11–14 años Personalidad: Independiente / Inteligente / Sociable / Fuerte, - Necesita mucho ejercicio - Requiere espacio exterior - Necesita cuidados moderados,L (26-44 kg)
Perro Lobo Checoslovaco,https://cdn.royalcanin-weshare-online.io/HSKMHWsBaxEApS7LYB19/v1/bd54bl-hub-czechoslovakian-wolfdog-adult-standing?w=320&fm=jpg&auto=compress,"Los Perros Lobo Checoslovacos son temperamentales, reaccionan rápidamente y están llenos de energía. Todo lo que se puede decir de estos perros intrépidos y muy versátiles es que son unos compañeros excepcionalmente leales.  Estos perros cariñosos forman vínculos increíblemente fuertes con sus propietarios; sin embargo, pueden ser tímidos en compañía de extraños. Fuente: Datos y características aportados por la Fédération Cynologique Internationale (FCI)",País: República Checa Categoría de tamaño: Grande Esperanza de vida promedio: 12–16 años Personalidad: Alegre / Fuerte / Tranquilo / Seguro / Leal, - Necesita un dueño con experiencia - Requiere mucho entrenamiento - Necesita mucho espacio,L (26-44 kg)
Perro Lobo de Saarloos,https://cdn.royalcanin-weshare-online.io/oPrqsmoBIYfdNSoCrRgM/v1/bd288bl-hub-saarloos-wolfhond-adult-standing?w=320&fm=jpg&auto=compress,"El Perro Lobo de Saarloos es un perro robusto cuyo aspecto, incluidos sus movimientos y el pelaje, recuerdan al de un lobo. Alegre y rebosante de energía, orgulloso e independiente, el Perro Lobo de Saarloos solo se guiará por su propia voluntad. No obstante, es muy fiel y leal a su propietario. Con extraños, esta raza es reservada y desconfiada. Fuente: Datos y características aportados por la Fédération Cynologique Internationale (FCI)",País: Países Bajos Categoría de tamaño: Grande Esperanza de vida promedio: 10–12 años Personalidad: Alerta / Independiente / Leal, - Necesita un entrenamiento moderado - Requiere espacio exterior - Necesita un dueño con experiencia,L (26-44 kg)
Podenco canario,https://cdn.royalcanin-weshare-online.io/rvrvsmoBIYfdNSoCyRgu/v1/bd268bl-hub-canarian-warren-hound-podenco-canario-adult-standing?w=320&fm=jpg&auto=compress,"Imponente pero no agresivo, el podenco canario es un perro valiente y dinámico que puede trabajar todo el día sin mostrar el menor signo de cansancio. Se dedican desinteresadamente a su compañero humano. Gracias al olfato y al oído, también pueden detectar la presencia de conejos en el fondo de las grietas naturales del terreno, en grietas de las paredes o en los montones de piedras en los bordes de los campos arados. Sin duda, que existan a día de hoy se debe a su don como cazadores, que los ha hecho insustituibles. Fuente: Datos y características aportados por la Fédération Cynologique Internationale (FCI)",País: España Categoría de tamaño: Grande Esperanza de vida promedio: 11–13 años Personalidad: Seguro / Entusiasta / Leal / Tímido, - Requiere cuidados mínimos - Necesita un propietario con algo de experiencia - Paciente con niños y otros animales,L (26-44 kg)
Pointer Inglés,https://cdn.royalcanin-weshare-online.io/rfrvsmoBIYfdNSoClhiN/v1/bd269bl-hub-english-pointer-adult-standing?w=320&fm=jpg&auto=compress,"El Pointer Inglés es un perro armonioso de buena complexión y gran elegancia, lleno de fuerza y agilidad. Los miembros de esta raza de atletas consumados, que fue una de las primeras en ser registradas por la FCI, son auténticos deportistas de élite en todos los sentidos. El Pointer Inglés se queda inmóvil al observar a su presa, mientras muestra su cuerpo en todo el esplendor de su cuerpo, con una expresión de determinación. Es un espectáculo verdaderamente digno de ver. Fuente: Datos y características aportados por la Fédération Cynologique Internationale (FCI)",País: Reino Unido Categoría de tamaño: Grande Esperanza de vida promedio: 12–15 años Personalidad: Alerta / Fuerte / Atlético / Cariñoso / Equilibrado, - Requiere espacio exterior - Necesita cuidados moderados - Necesita poco entrenamiento,L (26-44 kg)
Poitevino,https://www.royalcanin.com/es/-/media/dog_cat_illustrations_grey-01.png?rev=af74c8185dca48b89bb905ba394b8eaa&w=320&fm=jpg&auto=compress,"En su Francia natal, el poitevino está muy valorado para formar parte de los grandes grupos de caza. El poitevino es un atleta nato con músculos poderosos que muestra una gran destreza a la hora de acercarse al jabalí, el ciervo o el corzo. Este cazador excelente trabaja siempre muy duro. El poitevino se siente tan a gusto en tierra como en el agua y muchos lo consideran el sabueso más bonito. El poitevino se encuentra entre las razas con el registro más largo de servicio en grupos de caza. La cría controlada comenzó en el siglo XIX, a partir de los sabuesos descendientes de los ilustres king’s whites. Fuente: Datos y características aportados por la Fédération Cynologique Internationale (FCI)",País: Francia Categoría de tamaño: Grande Esperanza de vida promedio: 10–12 años Personalidad: Independiente / Alegre, - Requiere cuidados mínimos - Necesita mucho espacio - Requiere mucho entrenamiento,L (26-44 kg)
Presa canario,https://cdn.royalcanin-weshare-online.io/3SIwxWoBaxEApS7LOxt5/v1/bd180bl-hub-presa-canario-adult-standing?w=320&fm=jpg&auto=compress,"Esta es una raza de tamaño medio, con cuerpo bien proporcionado y una máscara negra característica. El cuerpo es más largo que la altura hasta la cruz, característica que es ligeramente más pronunciada en las hembras. Los presas canarios son perros equilibrados y muy seguros de sí mismos. Son obedientes y dóciles con la familia, tienen mucho apego a sus propietarios y tratan a los extraños con recelo. Son seguros de sí mismos, nobles y un poco distantes, pero muy firmes y guardianes cuando están en alerta. Su ladrido es grave y profundo. Fuente: Datos y características aportados por la Fédération Cynologique Internationale (FCI)",País: España Categoría de tamaño: Grande Esperanza de vida promedio: 9–11 años Personalidad: Cariñoso / Seguro / Tranquilo / Obediente, - Requiere cuidados mínimos - Un gran perro guardián - Requiere mucho entrenamiento,L (26-44 kg)
Pudelpointer,https://cdn.royalcanin-weshare-online.io/w2nssmoBG95Xk-RB9vY-/v1/bd279bl-hub-pudelpointer-adult-standing?w=320&fm=jpg&auto=compress,"Los Pudelpointers son perros equilibrados, tranquilos y disciplinados con un instinto de caza muy desarrollado. Nunca rechazarán ir de caza. Aunque los Caniches sólo se utilizaron para crear la base de la raza, sus habilidades de caza se conservan en la raza actual. Gracias a su combinación con las aptitudes excepcionales del Pointer, se logró la creación de un perro de caza versátil: tiene un olfato fino incluso a grandes distancias, puede realizar una búsqueda rápida en una zona extensa y una muestra firme. Fuente: Datos y características aportados por la Fédération Cynologique Internationale (FCI)",País: Alemania Categoría de tamaño: Grande Esperanza de vida promedio: 12–14 años Personalidad: Cariñoso / Alerta / Dócil / Inteligente / Leal / Seguro, - Necesita cuidados moderados - Requiere espacio exterior - Disfruta del entrenamiento,L (26-44 kg)
Retriever de la bahía de Chesapeake,https://cdn.royalcanin-weshare-online.io/zvp8HWsBIYfdNSoCyhpI/v1/bd49bl-hub-chesapeake-bay-retriever-adult-standing?w=320&fm=jpg&auto=compress,"El retriever de la bahía de Chesapeake es un perro tranquilo e inteligente, de naturaleza alegre, afectuoso y un instinto protector. La raza tiene muchas cualidades, incluido el coraje, la vivacidad y la inteligencia, por las cuales se ha hecho popular.  El retriever de la bahía de Chesapeake es cariñoso con los niños y las personas mayores por igual y prospera con la interacción con el hombre. Fuente: Datos y características aportados por la Fédération Cynologique Internationale (FCI)",País: Estados Unidos Categoría de tamaño: Grande Esperanza de vida promedio: 10–13 años Personalidad: Afable / Inteligente / Tranquilo / Cariñoso / Protector / Trabajador / Alerta / Seguro, - Requiere espacio exterior - Necesita cuidados moderados - Un gran perro para una familia,L (26-44 kg)
Retriever de Pelo Liso,https://cdn.royalcanin-weshare-online.io/__puwWoBIYfdNSoCPxjl/v3/bd193bl-hub-flat-coated-retriever-adult-sitting?w=320&fm=jpg&auto=compress,"Los Retriever de Pelo Liso comparten una serie de características con otros perros de presa, como la habilidad de relacionarse con el hombre y con otros perros, la destreza natural para atrapar a las presas y el amor por el agua. Estos perros cariñosos y enérgicos conservan la emoción del cachorro hasta bien entrada la edad adulta y son los más adecuados para familias activas y amantes de la vida al aire libre. Fuente: Datos y características aportados por la Fédération Cynologique Internationale (FCI)",País: Reino Unido Categoría de tamaño: Grande Esperanza de vida promedio: 10–13 años Personalidad: Alegre / Inteligente / Afable / Entusiasta / Seguro / Cariñoso, - Necesita mucho ejercicio - Requiere espacio exterior - Paciente con niños y otros animales,L (26-44 kg)
Retriever de pelo rizado,https://cdn.royalcanin-weshare-online.io/GvotxWoBIYfdNSoC4RkO/v1/bd173bl-hub-curly-coated-retriever-adult-standing?w=320&fm=jpg&auto=compress,"Inteligente, equilibrado, de confianza, valiente, afable, seguro de sí mismo e independiente: nada más y nada menos que siete adjetivos para describir la personalidad de los retrievers de pelo rizado, que son bastante distantes con los extraños. Lamentablemente, no es muy frecuente ver estos perros de agua. El retriever de pelo rizado, que para muchos es el perro de caza ideal, sigue siendo una gran mascota para toda la familia. Su naturaleza enérgica lo convierte en un compañero excelente para caminar y su personalidad juguetona, como la de un cachorro, y su paciencia con los niños lo hacen muy apto para la vida en familia. Fuente: Datos y características aportados por la Fédération Cynologique Internationale (FCI)",País: Reino Unido Categoría de tamaño: Grande Esperanza de vida promedio: 8–12 años Personalidad: Inteligente / Equilibrado / Leal / Seguro / Afable / Independiente / Tímido, - Necesita poco entrenamiento - Necesita mucho ejercicio - Un gran perro para una familia,L (26-44 kg)
Sabueso artesiano,https://cdn.royalcanin-weshare-online.io/1Ppb-WYBIYfdNSoC8wlp/v1/dog-illustrations-grey-01?w=320&fm=jpg&auto=compress,"El sabueso artesiano es un perro grande que actualmente se utiliza especialmente para cazar. Este sabueso trabajador, no demasiado rápido, pero capaz de mantener su ritmo, conduce la presa hacia la línea de fuego siguiendo el olor de cerca gracias a su nariz excelente. Un grupo de seis a ocho sabuesos artesianos bien coordinado trabaja a la satisfacción del cazador más exigente. Es conocido por ser un perro resistente, bien equilibrado y cariñoso, tanto sobre el terreno como en el hogar. Fuente: Datos y características aportados por la Fédération Cynologique Internationale (FCI)",País: Francia Categoría de tamaño: Grande Esperanza de vida promedio: 10–13 años Personalidad: Cariñoso / Seguro / Dócil / Tranquilo / Inteligente / Leal, - Necesita cuidados moderados - Necesita mucho ejercicio - La educación deberá comenzar pronto,L (26-44 kg)
Sabueso de Hamilton,https://cdn.royalcanin-weshare-online.io/k2nOsmoBG95Xk-RBFPaA/v1/bd214bl-hub-hamiltonstovare-adult-standing?w=320&fm=jpg&auto=compress,"Los sabuesos de Hamilton son grandes compañeros gracias a su carácter afable y estable. Son animales bien proporcionados, y dan la impresión de tener gran fuerza y vigor. Nunca hay ninguna muestra de pesadez en estos perros bien tonificados. Los sabuesos de Hamilton se usan a veces para cazar liebres y zorros, aunque no cazan en manadas. En Suecia nunca se usan para cazar ciervos. Fuente: Datos y características aportados por la Fédération Cynologique Internationale (FCI)",País: Suecia Categoría de tamaño: Grande Esperanza de vida promedio: 10–13 años Personalidad: Dócil / Leal / Tranquilo / Obstinado / Afable, - Requiere cuidados mínimos - Necesita mucho ejercicio - Bueno con las personas,L (26-44 kg)
Sabueso francés blanco y negro,https://cdn.royalcanin-weshare-online.io/FvoqxWoBIYfdNSoCSRmM/v1/bd166bl-hub-french-white-and-black-hound-adult-standing?w=320&fm=jpg&auto=compress,"Debido a su ingenio y fiabilidad, a los perros de esta raza se les valora muchísimo para la caza de manadas de corzos. Distinguidos y bien proporcionados, tienen una nariz fina y buena voz. Estos afables canes establecen relaciones estrechas con el h ombre y pueden vivir de manera pacífica en las residencias. Su naturaleza despierta les ha conferido la reputación de ser excelentes perros guardianes. Fuente: Datos y características aportados por la Fédération Cynologique Internationale (FCI)",País: Francia Categoría de tamaño: Grande Esperanza de vida promedio: 12–15 años Personalidad: Afable / Dócil / Equilibrado, - Requiere cuidados mínimos - Necesita mucho ejercicio - Un gran perro guardián,L (26-44 kg)
Sabueso Francés Tricolor,https://cdn.royalcanin-weshare-online.io/1iIqxWoBaxEApS7LiRsz/v1/bd167bl-hub-french-tricolour-hound-adult-standing?w=320&fm=jpg&auto=compress,"El Sabueso Francés Tricolor es una mezcla de Gran Sabueso Anglo-Francés Tricolor, Poitevino y Billy. El objetivo era crear un sabueso con menos sangre inglesa para cazar venados y jabalíes en manadas. Estos perros de caza son grandes y de aspecto elegante y musculoso. Los Sabuesos Franceses Tricolor son perros de constitución atlética con un alto rendimiento. Fuente: Datos y características aportados por la Fédération Cynologique Internationale (FCI)",País: Francia Categoría de tamaño: Grande Esperanza de vida promedio: 12–15 años Personalidad: Independiente / Alegre / Trabajador, - Requiere cuidados mínimos - Un gran perro guardián - Requiere espacio exterior,L (26-44 kg)
Sabueso Polaco,https://www.royalcanin.com/es/-/media/dog_cat_illustrations_grey-01.png?rev=af74c8185dca48b89bb905ba394b8eaa&w=320&fm=jpg&auto=compress,"Los Sabuesos Polacos son perros poderosos con extraordinario olfato y una gran perseverancia, muy apreciados por los cazadores polacos. Usan su ladrido profundo y melódico para mantenerse en contacto durante la caza. Este destacado cazador también es un excelente perro de familia, fácil de mantener, leal con la familia y desconfiado de los extraños. En el pasado, los Sabuesos Polacos se usaban principalmente para cazar liebres, zorros, corzos, jabalíes, y durante la caza de patos, para sacar a los patos silvestres de los juncales. Hoy en día, dado que la caza de liebres con perros está prohibida en la mayor parte de Polonia, los Sabuesos Polacos se usan solo para cazar jabalíes y zorros en todo el país. Fuente: Datos y características aportados por la Fédération Cynologique Internationale (FCI)",País: Polonia Categoría de tamaño: Grande Esperanza de vida promedio: 13–14 años Personalidad: Cariñoso / Dócil / Leal / Equilibrado, - Un gran perro guardián - Requiere mucho entrenamiento - Requiere cuidados mínimos,L (26-44 kg)
Salud del Foxhound inglés ,https://cdn.royalcanin-weshare-online.io/tyJ4wWoBaxEApS7LnBti/v1/bd186bl-hub-english-foxhound-adult-standing?w=320&fm=jpg&auto=compress,"Los Foxhound ingleses son perros fuertes y equilibrados que constituyen el arquetipo de todos los sabuesos europeos grandes. Estos perros llenos de energía, que les permite correr durante horas, nacieron para cazar, pero aun así son afables y nada agresivos. Fuente: Datos y características aportados por la Fédération Cynologique Internationale (FCI)",País: Reino Unido Categoría de tamaño: Grande Esperanza de vida promedio: 10–13 años Personalidad: Seguro / Afable / Dócil / Independiente / Inteligente / Sociable / Fuerte, - Requiere espacio exterior - Necesita mucho ejercicio - Paciente con niños y otros animales,L (26-44 kg)
Schnauzer Gigante,https://cdn.royalcanin-weshare-online.io/4frVHWsBIYfdNSoC_Bo7/v1/bd65bl-hub-giant-schnauzer-adult-standing?w=320&fm=jpg&auto=compress,"A los Schnauzers Gigantes se les conoce por ser perros grandes, fuertes, robustos más que delgados, y con el pelo ondulado. Estos elegantes perros guardianes, eficaces y siempre alerta, inspiran un gran respeto de forma natural.  Sus sentidos bien desarrollados, su inteligencia natural y su idoneidad para el entrenamiento los convierten en muy buenos compañeros, atletas y trabajadores, especialmente, al tratarse de animales que combinan fuerza, resistencia y velocidad. Fuente: Datos y características aportados por la Fédération Cynologique Internationale (FCI)",País: Alemania Categoría de tamaño: Grande Esperanza de vida promedio: 12–15 años Personalidad: Cariñoso / Equilibrado / Leal / Inteligente / Fuerte / Seguro / Alegre, - Requiere espacio exterior -   -  - Necesita poco entrenamiento - Necesita mucho ejercicio,L (26-44 kg)
Setter gordon,https://www.royalcanin.com/es/-/media/dog_cat_illustrations_grey-01.png?rev=af74c8185dca48b89bb905ba394b8eaa&w=320&fm=jpg&auto=compress,"Esta raza es una verdadera cazadora de campo. Los setter gordons, perros bellos, tranquilos e inteligentes, de expresión pensativa y carácter equilibrado, son sumamente leales a sus familias. Ya que el gordon tiene antecedentes de caza, requiere mucho ejercicio y es inmensamente feliz cuando juega a buscar objetos que se le lanzan o aprende nuevos trucos. Fuente: Datos y características aportados por la Fédération Cynologique Internationale (FCI)",País: Reino Unido Categoría de tamaño: Grande Esperanza de vida promedio: 10–12 años Personalidad: Inteligente / Seguro / Cariñoso / Equilibrado, - Requiere muchos cuidados - Necesita poco entrenamiento - Necesita mucho ejercicio físico y mental,L (26-44 kg)
Spaniel Picardo,https://cdn.royalcanin-weshare-online.io/sfrwsmoBIYfdNSoCSRiV/v1/bd267bl-hub-picardy-spaniel-adult-standing?w=320&fm=jpg&auto=compress,"Este Spaniel Francés fue la respuesta de los cazadores de la bahía del Somme ante la llegada del Pointer Inglés a principios del siglo XX. Esta raza dócil todavía se utiliza para la caza, pero también es un perro de compañía muy afable. Los Spaniel Picardo son perros de cuerpo armonioso y expresión dócil y llevan la cabeza erguida de una manera alegre e imponente. El estándar oficial se publicó hace más de un siglo y la raza no cambió mucho desde entonces.   Fuente: Datos y características aportados por la Fédération Cynologique Internationale (FCI)",País: Francia Categoría de tamaño: Grande Esperanza de vida promedio: 12–14 años Personalidad: Cariñoso / Tranquilo / Dócil / Sociable, - Necesita mucho ejercicio - Disfruta del entrenamiento - Paciente con niños y otros animales,L (26-44 kg)
Terrier negro de Rusia,https://cdn.royalcanin-weshare-online.io/TPo8x2oBIYfdNSoC3Rlz/v1/bd147bl-hub-russian-black-terrier-adult-standing?w=320&fm=jpg&auto=compress,"Los terriers negros de Rusia son perros potentes de tamaño superior a la media, con huesos y músculos sólidos. Este activa (e incluso extremadamente enérgica) raza es resistente y está bien equilibrada, pero es alegre, y siente inclinación por una defensa fuerte. Esta raza florece con el contacto humano y es muy dócil cuando juega con niños. Responde bien a una educación temprana y es adecuado para agility y deportes caninos. Fuente: Datos y características aportados por la Fédération Cynologique Internationale (FCI)",País: Rusia Categoría de tamaño: Grande Esperanza de vida promedio: 10–12 años Personalidad: Atlético / Seguro / Equilibrado / Protector / Fuerte / Independiente / Afable / Leal, - Requiere muchos cuidados - Un gran perro guardián - Disfruta del entrenamiento,L (26-44 kg)
Vizsla de Pelo Duro,https://cdn.royalcanin-weshare-online.io/dGnCsmoBG95Xk-RBufYo/v3/bd328bl-hub-hungarian-wire-haired-pointer-vizsla-adult-standing?w=320&fm=jpg&auto=compress,"Los Vizsla de Pelo Duro sienten un enorme apego por su propietario; son animales receptivos y fáciles de educar, aunque nunca deben ser educados con dureza Les gusta mantener el contacto con su propietario y realizan las tareas de búsqueda con pasión y perseverancia, empleando su excelente olfato y sus perfectas habilidades para la muestra. Los Vizsla de Pelo Duro se suelen utilizar como perros de terapia gracias a su naturaleza inteligente y paciente. Dicho esto, también necesitan hacer mucho ejercicio debido a sus altos niveles de energía. Estas cualidades los hacen idóneos para muchos deportes caninos. Fuente: Datos y características aportados por la Fédération Cynologique Internationale (FCI)",País: Hungría Categoría de tamaño: Grande Esperanza de vida promedio: 12–14 años Personalidad: Tranquilo / Alegre / Cariñoso / Inteligente / Seguro / Entusiasta / Obstinado, - Requiere espacio exterior - Requiere cuidados mínimos - Necesita poco entrenamiento,L (26-44 kg)
